{"1-1": [-2.0, -3.7320508075688776], "1-2": [-2.5, -2.866025403784439], "1-3": [-2.0, -2.0], "1-4": [-2.5, -1.1339745962155616], "2-1": [-1.0, -3.7320508075688776], "2-2": [-1.5, -2.866025403784439], "2-3": [-1.0, -2.0], "2-4": [-1.5, -1.1339745962155616], "3-1": [0.0, -3.7320508075688776], "3-2": [-0.5, -2.866025403784439], "3-3": [0.0, -2.0], "3-4": [-0.5, -1.1339745962155616], "4-1": [1.0, -3.7320508075688776], "4-2": [0.5, -2.866025403784439], "4-3": [1.0, -2.0], "4-4": [0.5, -1.1339745962155616], "5-1": [2.0, -3.7320508075688776], "5-2": [1.5, -2.866025403784439], "5-3": [2.0, -2.0], "5-4": [1.5, -1.1339745962155616]}
